<?xml version="1.0" encoding="UTF-8"?>
<beans xmlns="http://www.springframework.org/schema/beans"
	xmlns:xsi="http://www.w3.org/2001/XMLSchema-instance"
	xmlns:context="http://www.springframework.org/schema/context"
	xmlns:aop="http://www.springframework.org/schema/aop"
	xmlns:tx="http://www.springframework.org/schema/tx"
	xsi:schemaLocation="http://www.springframework.org/schema/beans http://www.springframework.org/schema/beans/spring-beans-3.0.xsd
		http://www.springframework.org/schema/context http://www.springframework.org/schema/context/spring-context-3.1.xsd
		http://www.springframework.org/schema/aop http://www.springframework.org/schema/aop/spring-aop-3.2.xsd
		http://www.springframework.org/schema/tx http://www.springframework.org/schema/tx/spring-tx-3.2.xsd">

	<context:annotation-config />

	<bean id="dataSource" class="org.apache.commons.dbcp2.BasicDataSource"
		destroy-method="close">
		<property name="driverClassName" value="com.mysql.jdbc.Driver" />
		<property name="url"
			value="jdbc:mysql://localhost/englishmanager?characterEncoding=utf8" />
		<property name="username" value="root" />
		<property name="password" value="apmsetup" />
		<property name="maxTotal" value="10" />
		<property name="maxWaitMillis" value="10000" />
		<property name="maxIdle" value="3"></property>
		<property name="removeAbandonedTimeout" value="20"></property>
		<property name="defaultAutoCommit" value="false" /> 
	</bean>

	<bean id="teacherDAO" class="english.dao.TeacherDAOImpl">
		<property name="dataSource" ref="dataSource"></property>
	</bean>
	<bean id="classTimeDAO" class="english.dao.ClassTimeDAOImpl">
		<property name="dataSource" ref="dataSource"></property>
	</bean>
	<bean id="classTimeUsageLogDAO" class="english.dao.ClassTimeUsageLogDAOImpl">
		<property name="dataSource" ref="dataSource"></property>
	</bean>
	<bean id="transactionManager"
		class="org.springframework.jdbc.datasource.DataSourceTransactionManager">
		<property name="dataSource" ref="dataSource"></property>
	</bean>
	
	<tx:advice id="txAdvice" transaction-manager="transactionManager">
		<tx:attributes>
			<tx:method name="book" isolation="SERIALIZABLE" propagation="MANDATORY" />
			<tx:method name="bookCheck" isolation="REPEATABLE_READ" read-only="true" propagation="REQUIRED"/>
			<tx:method name="bookOneClassTime" isolation="SERIALIZABLE" propagation="MANDATORY"/>
			<tx:method name="bookInterface" isolation="SERIALIZABLE" propagation="MANDATORY" rollback-for="ConcurrentBookException"/>
			<tx:method name="bookOneClassTimeInterface" isolation="SERIALIZABLE" propagation="MANDATORY"/>
			<tx:method name="bookTransaction" isolation="SERIALIZABLE" propagation="REQUIRES_NEW"/>
			<tx:method name="registerClassLogTransaction" isolation="SERIALIZABLE" propagation="REQUIRES_NEW"/>
			<tx:method name="registerTransaction" isolation="SERIALIZABLE" propagation="MANDATORY" />
			<tx:method name="subReaminTransaction" isolation="SERIALIZABLE" propagation="MANDATORY" />
		</tx:attributes>
	</tx:advice>
	
	<aop:config>
		<aop:pointcut expression="execution(* book*(..))" id="txPointcut"/>
		<aop:pointcut expression="execution(* *Transaction(..))" id="txPointcut2"/>
		<aop:advisor advice-ref="txAdvice" pointcut-ref="txPointcut" />
		<aop:advisor advice-ref="txAdvice" pointcut-ref="txPointcut2" />
	</aop:config>
	<bean id="bookManager" class="english.BookManager"></bean>
	<bean id="classLogManager" class="english.ClassLogManager"></bean>
	<bean id="purchaseDAO" class="english.dao.PurchaseDAOImpl">
		<property name="dataSource" ref="dataSource"></property>
	</bean>
	<bean id="lectureDAO" class="english.dao.LectureDAOImpl">
		<property name="dataSource" ref="dataSource"></property>
	</bean>
	<bean id="oneClassDAO" class="english.dao.OneClassDAOImpl">
		<property name="dataSource" ref="dataSource"></property>
	</bean>
	<bean id="classLogDAO" class="english.dao.ClassLogDAOImpl">
		<property name="dataSource" ref="dataSource"></property>
	</bean>
	<bean id="adminBoardDAO" class="english.dao.AdminBoardDAOImpl">
		<property name="dataSource" ref="dataSource"></property>
	</bean>
</beans>
